,time,pressure,fr_temp,fr_temp_ADC,par,fluor,tilt,datetime,depth_m,id,dep_lat,dep_lon
1,1618462685.0,0.538330078125,9.012837663561186,17885,-0.12993150684931506,0.158145318,7,2021-04-15 04:58:05,5.346247861967937,2460,47.687823,-122.258931
2,1618462685.0,0.538330078125,9.012837663561186,17885,-0.12993150684931506,0.18263354099999998,7,2021-04-15 04:58:05,5.346247861967937,2460,47.687823,-122.258931
3,1618462685.25,0.53680419921875,9.012837663561186,17885,-0.12993150684931506,0.18468980399999999,8,2021-04-15 04:58:05.250000,5.331094098186849,2460,47.687823,-122.258931
4,1618462685.5,0.53680419921875,9.012837663561186,17885,-0.12993150684931506,0.173099958,9,2021-04-15 04:58:05.500000,5.331094098186849,2460,47.687823,-122.258931
5,1618462685.75,0.53741455078125,9.012837663561186,17885,-0.12993150684931506,0.264136329,9,2021-04-15 04:58:05.750000,5.337155603699284,2460,47.687823,-122.258931
6,1618462686.0,0.53497314453125,9.012837663561186,17885,-0.12993150684931506,0.289933083,4,2021-04-15 04:58:06,5.312909581649543,2460,47.687823,-122.258931
7,1618462686.25,0.52642822265625,9.012837663561186,17885,-0.12993150684931506,0.273482979,3,2021-04-15 04:58:06.250000,5.228048504475448,2460,47.687823,-122.258931
8,1618462686.5,0.51239013671875,9.014004865972765,17884,-0.12993150684931506,0.22375880099999998,5,2021-04-15 04:58:06.500000,5.088633877689436,2460,47.687823,-122.258931
9,1618462686.75,0.4931640625,9.014004865972765,17884,-0.12993150684931506,0.220207074,9,2021-04-15 04:58:06.750000,4.897696454047725,2460,47.687823,-122.258931
10,1618462687.0,0.47393798828125,9.014004865972765,17884,-0.12993150684931506,0.215159883,10,2021-04-15 04:58:07,4.706759030406013,2460,47.687823,-122.258931
11,1618462687.25,0.45440673828125,9.014004865972765,17884,-0.12993150684931506,0.199270578,8,2021-04-15 04:58:07.250000,4.512790854008083,2460,47.687823,-122.258931
12,1618462687.5,0.44281005859375,9.014004865972765,17884,-0.12993150684931506,0.212542821,5,2021-04-15 04:58:07.500000,4.397622249271812,2460,47.687823,-122.258931
13,1618462687.75,0.44219970703125,9.01517214183093,17883,-0.12993150684931506,0.20656096499999999,5,2021-04-15 04:58:07.750000,4.391560743759377,2460,47.687823,-122.258931
14,1618462688.0,0.44677734375,9.01517214183093,17883,-0.12993150684931506,0.213664419,7,2021-04-15 04:58:08,4.4370220351026415,2460,47.687823,-122.258931
15,1618462688.25,0.45196533203125,9.01517214183093,17883,-0.12993150684931506,0.20338310399999998,8,2021-04-15 04:58:08.250000,4.488544831958341,2460,47.687823,-122.258931
16,1618462688.5,0.45379638671875,9.01517214183093,17883,-0.12993150684931506,0.25422888,7,2021-04-15 04:58:08.500000,4.506729348495647,2460,47.687823,-122.258931
17,1618462688.75,0.4510498046875,9.01517214183093,17883,-0.12993150684931506,0.254415813,9,2021-04-15 04:58:08.750000,4.479452573689689,2460,47.687823,-122.258931
18,1618462689.0,0.4510498046875,9.016339491144493,17882,-0.12993150684931506,0.20936496,13,2021-04-15 04:58:09,4.479452573689689,2460,47.687823,-122.258931
19,1618462689.25,0.45196533203125,9.016339491144493,17882,-0.12993150684931506,0.221515605,8,2021-04-15 04:58:09.250000,4.488544831958341,2460,47.687823,-122.258931
20,1618462689.5,0.4486083984375,9.016339491144493,17882,-0.12993150684931506,0.261519267,6,2021-04-15 04:58:09.500000,4.4552065516399475,2460,47.687823,-122.258931
21,1618462689.75,0.439453125,9.016339491144493,17882,-0.12993150684931506,0.213477486,4,2021-04-15 04:58:09.750000,4.364283968953418,2460,47.687823,-122.258931
22,1618462690.0,0.4241943359375,9.017506913922261,17881,-0.12993150684931506,0.197027382,4,2021-04-15 04:58:10,4.212746331142536,2460,47.687823,-122.258931
23,1618462690.25,0.40771484375,9.017506913922261,17881,-0.12993150684931506,0.186559134,7,2021-04-15 04:58:10.250000,4.0490856823067825,2460,47.687823,-122.258931
24,1618462690.5,0.390625,9.017506913922261,17881,-0.12993150684931506,0.178521015,6,2021-04-15 04:58:10.500000,3.879363527958594,2460,47.687823,-122.258931
25,1618462690.75,0.37445068359375,9.017506913922261,17881,-0.12993150684931506,0.173660757,7,2021-04-15 04:58:10.750000,3.7187336318790583,2460,47.687823,-122.258931
26,1618462691.0,0.362548828125,9.018674410172991,17880,-0.12993150684931506,0.18338127299999998,8,2021-04-15 04:58:11,3.60053427438657,2460,47.687823,-122.258931
27,1618462691.25,0.360107421875,9.018674410172991,17880,-0.12993150684931506,0.189550062,7,2021-04-15 04:58:11.250000,3.5762882523368287,2460,47.687823,-122.258931
28,1618462691.5,0.3643798828125,9.018674410172991,17880,-0.12993150684931506,0.18450287099999998,6,2021-04-15 04:58:11.500000,3.6187187909238756,2460,47.687823,-122.258931
29,1618462691.75,0.36773681640625,9.019841979905436,17879,-0.12993150684931506,0.20431776899999998,8,2021-04-15 04:58:11.750000,3.65205707124227,2460,47.687823,-122.258931
30,1618462692.0,0.3680419921875,9.019841979905436,17879,-0.12993150684931506,0.216281481,6,2021-04-15 04:58:12,3.6550878239984876,2460,47.687823,-122.258931
31,1618462692.25,0.3668212890625,9.019841979905436,17879,-0.12993150684931506,0.187306866,8,2021-04-15 04:58:12.250000,3.642964812973617,2460,47.687823,-122.258931
32,1618462692.5,0.3656005859375,9.021009623128407,17878,-0.12993150684931506,0.20263537199999998,10,2021-04-15 04:58:12.500000,3.6308418019487463,2460,47.687823,-122.258931
33,1618462692.75,0.36651611328125,9.021009623128407,17878,-0.12993150684931506,0.18132500999999998,8,2021-04-15 04:58:12.750000,3.6399340602173993,2460,47.687823,-122.258931
34,1618462693.0,0.36773681640625,9.022177339850543,17877,-0.12993150684931506,0.222076404,6,2021-04-15 04:58:13,3.65205707124227,2460,47.687823,-122.258931
35,1618462693.25,0.36712646484375,9.022177339850543,17877,-0.12993150684931506,0.287502954,5,2021-04-15 04:58:13.250000,3.6459955657298346,2460,47.687823,-122.258931
36,1618462693.5,0.360107421875,9.022177339850543,17877,-0.12993150684931506,0.240021972,5,2021-04-15 04:58:13.500000,3.5762882523368287,2460,47.687823,-122.258931
37,1618462693.75,0.3460693359375,9.023345130080713,17876,-0.12993150684931506,0.20712176399999999,6,2021-04-15 04:58:13.750000,3.4368736255508168,2460,47.687823,-122.258931
38,1618462694.0,0.32684326171875,9.023345130080713,17876,-0.12993150684931506,0.189363129,7,2021-04-15 04:58:14,3.2459362019091045,2460,47.687823,-122.258931
39,1618462694.25,0.30426025390625,9.023345130080713,17876,-0.12993150684931506,0.18356820599999998,12,2021-04-15 04:58:14.250000,3.0216604979489983,2460,47.687823,-122.258931
40,1618462694.5,0.28289794921875,9.02451299382767,17875,-0.12993150684931506,0.30096213,12,2021-04-15 04:58:14.500000,2.8095078050137627,2460,47.687823,-122.258931
41,1618462694.75,0.264892578125,9.02451299382767,17875,-0.12993150684931506,0.254415813,8,2021-04-15 04:58:14.750000,2.6306933923969216,2460,47.687823,-122.258931
42,1618462695.0,0.2520751953125,9.02451299382767,17875,-0.12993150684931506,0.217590012,3,2021-04-15 04:58:15,2.50340177663578,2460,47.687823,-122.258931
43,1618462695.25,0.2496337890625,9.025680931100283,17874,-0.12993150684931506,0.201326841,0,2021-04-15 04:58:15.250000,2.479155754586039,2460,47.687823,-122.258931
44,1618462695.5,0.25299072265625,9.025680931100283,17874,-0.12993150684931506,0.22357186799999998,5,2021-04-15 04:58:15.500000,2.512494034904433,2460,47.687823,-122.258931
45,1618462695.75,0.25604248046875,9.02684894190719,17873,-0.12993150684931506,0.268809654,8,2021-04-15 04:58:15.750000,2.5428015624666096,2460,47.687823,-122.258931
46,1618462696.0,0.2593994140625,9.02918518415919,17871,-0.12993150684931506,0.221515605,10,2021-04-15 04:58:16,2.5761398427850035,2460,47.687823,-122.258931
47,1618462696.25,0.2581787109375,9.03035341562179,17870,-0.12993150684931506,0.258715272,11,2021-04-15 04:58:16.250000,2.5640168317601333,2460,47.687823,-122.258931
48,1618462696.5,0.2569580078125,9.032690099264357,17868,-0.12993150684931506,0.200766042,9,2021-04-15 04:58:16.500000,2.5518938207352626,2460,47.687823,-122.258931
49,1618462696.75,0.25726318359375,9.035027077255052,17866,-0.12993150684931506,0.211982022,9,2021-04-15 04:58:16.750000,2.5549245734914803,2460,47.687823,-122.258931
50,1618462697.0,0.25787353515625,9.038533096297783,17863,-0.12993150684931506,0.22394573399999998,1,2021-04-15 04:58:17,2.5609860790039156,2460,47.687823,-122.258931
51,1618462697.25,0.257568359375,9.040870810466686,17861,-0.12993150684931506,0.222263337,5,2021-04-15 04:58:17.250000,2.557955326247698,2460,47.687823,-122.258931
52,1618462697.5,0.257568359375,9.043208819229847,17859,-0.12993150684931506,0.194784186,9,2021-04-15 04:58:17.500000,2.557955326247698,2460,47.687823,-122.258931
53,1618462697.75,0.2587890625,9.045547122657979,17857,-0.12993150684931506,0.197775114,5,2021-04-15 04:58:17.750000,2.570078337272568,2460,47.687823,-122.258931
54,1618462698.0,0.2581787109375,9.047885720821228,17855,-0.12993150684931506,0.18169887599999998,5,2021-04-15 04:58:18,2.5640168317601333,2460,47.687823,-122.258931
55,1618462698.25,0.2520751953125,9.04905513045054,17854,-0.12993150684931506,0.195718851,6,2021-04-15 04:58:18.250000,2.50340177663578,2460,47.687823,-122.258931
56,1618462698.5,0.2386474609375,9.05139417084871,17852,-0.12993150684931506,0.22562813099999998,5,2021-04-15 04:58:18.500000,2.3700486553622033,2460,47.687823,-122.258931
57,1618462698.75,0.22003173828125,9.05256380163513,17851,-0.12993150684931506,0.22618892999999998,7,2021-04-15 04:58:18.750000,2.185172737232927,2460,47.687823,-122.258931
58,1618462699.0,0.1971435546875,9.054903284426757,17849,-0.12993150684931506,0.212542821,11,2021-04-15 04:58:19,1.9578662805166027,2460,47.687823,-122.258931
59,1618462699.25,0.1751708984375,9.056073136449584,17848,-0.12993150684931506,0.20562629999999998,13,2021-04-15 04:58:19.250000,1.7396520820689318,2460,47.687823,-122.258931
60,1618462699.5,0.15838623046875,9.057243062235557,17847,-0.12993150684931506,0.218337744,10,2021-04-15 04:58:19.500000,1.5729606804769611,2460,47.687823,-122.258931
61,1618462699.75,0.14862060546875,9.059583135132016,17845,-0.12993150684931506,0.22450653299999998,3,2021-04-15 04:58:19.750000,1.4759765922779962,2460,47.687823,-122.258931
62,1618462700.0,0.14923095703125,9.06192350318679,17843,-0.12993150684931506,0.199644444,4,2021-04-15 04:58:20,1.4820380977904315,2460,47.687823,-122.258931
63,1618462700.25,0.152587890625,9.064264166470366,17841,-0.12993150684931506,0.219085476,8,2021-04-15 04:58:20.250000,1.5153763781088256,2460,47.687823,-122.258931
64,1618462700.5,0.152587890625,9.066605125053457,17839,-0.12993150684931506,0.231049188,11,2021-04-15 04:58:20.500000,1.5153763781088256,2460,47.687823,-122.258931
65,1618462700.75,0.15350341796875,9.072458813909975,17834,-0.12993150684931506,0.240021972,11,2021-04-15 04:58:20.750000,1.5244686363774786,2460,47.687823,-122.258931
66,1618462701.0,0.1531982421875,9.078314349934317,17829,-0.12993150684931506,0.250677153,12,2021-04-15 04:58:21,1.521437883621261,2460,47.687823,-122.258931
67,1618462701.25,0.15350341796875,9.08417173423203,17824,-0.12993150684931506,0.268435788,6,2021-04-15 04:58:21.250000,1.5244686363774786,2460,47.687823,-122.258931
68,1618462701.5,0.15411376953125,9.090030967909513,17819,-0.12993150684931506,0.266753391,7,2021-04-15 04:58:21.500000,1.530530141889914,2460,47.687823,-122.258931
69,1618462701.75,0.15380859375,9.094719687149166,17815,-0.12993150684931506,0.256472076,3,2021-04-15 04:58:21.750000,1.5274993891336963,2460,47.687823,-122.258931
70,1618462702.0,0.15350341796875,9.100582252501624,17810,-0.12993150684931506,0.22674972899999998,4,2021-04-15 04:58:22,1.5244686363774786,2460,47.687823,-122.258931
71,1618462702.25,0.15411376953125,9.106446670337164,17805,-0.12993150684931506,0.214786017,5,2021-04-15 04:58:22.250000,1.530530141889914,2460,47.687823,-122.258931
72,1618462702.5,0.1513671875,9.112312941765822,17800,-0.12993150684931506,0.19441032,5,2021-04-15 04:58:22.500000,1.5032533670839552,2460,47.687823,-122.258931
73,1618462702.75,0.1434326171875,9.119354915787937,17794,-0.12993150684931506,0.213290553,8,2021-04-15 04:58:22.750000,1.4244537954222962,2460,47.687823,-122.258931
74,1618462703.0,0.1300048828125,9.124051049848447,17790,-0.12993150684931506,0.21497295,8,2021-04-15 04:58:23,1.2911006741487194,2460,47.687823,-122.258931
75,1618462703.25,0.11444091796875,9.12992288872772,17785,-0.12993150684931506,0.217029213,10,2021-04-15 04:58:23.250000,1.1365322835816192,2460,47.687823,-122.258931
76,1618462703.5,0.09521484375,9.134621697568889,17781,-0.12993150684931506,0.195905784,8,2021-04-15 04:58:23.500000,0.9455948599399072,2460,47.687823,-122.258931
77,1618462703.75,0.059814453125,9.140496881729575,17776,-0.12993150684931506,0.20375696999999998,83,2021-04-15 04:58:23.750000,0.5940275402186597,2460,47.687823,-122.258931
78,1618462704.0,0.074462890625,9.142847476145676,17774,-0.12993150684931506,0.220020141,6,2021-04-15 04:58:24,0.7395036725171069,2460,47.687823,-122.258931
79,1618462704.25,0.0750732421875,9.15225283132213,17766,-0.12993150684931506,0.199831377,8,2021-04-15 04:58:24.250000,0.7455651780295423,2460,47.687823,-122.258931
80,1618462704.5,0.07415771484375,9.1557810683762,17763,-0.12993150684931506,0.199270578,3,2021-04-15 04:58:24.500000,0.7364729197608892,2460,47.687823,-122.258931
81,1618462704.75,0.0750732421875,9.166369804493343,17754,-0.12993150684931506,0.22824519299999999,2,2021-04-15 04:58:24.750000,0.7455651780295423,2460,47.687823,-122.258931
82,1618462705.0,0.0762939453125,9.174609665345258,17747,-0.12993150684931506,0.217216146,4,2021-04-15 04:58:25,0.7576881890544128,2460,47.687823,-122.258931
83,1618462705.25,0.0762939453125,9.182853184621536,17740,-0.12993150684931506,0.211982022,7,2021-04-15 04:58:25.250000,0.7576881890544128,2460,47.687823,-122.258931
84,1618462705.5,0.07720947265625,9.192278833164437,17732,-0.12993150684931506,0.209551893,4,2021-04-15 04:58:25.500000,0.7667804473230658,2460,47.687823,-122.258931
85,1618462705.75,0.076904296875,9.200530202301024,17725,-0.12993150684931506,0.220767873,4,2021-04-15 04:58:25.750000,0.7637496945668482,2460,47.687823,-122.258931
86,1618462706.0,0.076904296875,9.209964830213096,17717,-0.12993150684931506,0.20207457299999998,9,2021-04-15 04:58:26,0.7637496945668482,2460,47.687823,-122.258931
87,1618462706.25,0.076904296875,9.21940425375658,17709,-0.12993150684931506,0.201139908,6,2021-04-15 04:58:26.250000,0.7637496945668482,2460,47.687823,-122.258931
88,1618462706.5,0.07843017578125,9.227667686908376,17702,-0.12993150684931506,0.22506733199999998,3,2021-04-15 04:58:26.500000,0.7789034583479364,2460,47.687823,-122.258931
89,1618462706.75,0.07843017578125,9.235934798357277,17695,-0.12993150684931506,0.207869496,3,2021-04-15 04:58:26.750000,0.7789034583479364,2460,47.687823,-122.258931
90,1618462707.0,0.07843017578125,9.243023823863155,17689,-0.12993150684931506,0.242265168,3,2021-04-15 04:58:27,0.7789034583479364,2460,47.687823,-122.258931
91,1618462707.25,0.079345703125,9.250115556030835,17683,-0.12993150684931506,0.213477486,3,2021-04-15 04:58:27.250000,0.7879957166165894,2460,47.687823,-122.258931
92,1618462707.5,0.08026123046875,9.256027401840129,17678,-0.12993150684931506,0.212916687,5,2021-04-15 04:58:27.500000,0.7970879748852423,2460,47.687823,-122.258931
93,1618462707.75,0.0811767578125,9.260758233561603,17674,-0.12993150684931506,0.22544119799999998,2,2021-04-15 04:58:27.750000,0.8061802331538953,2460,47.687823,-122.258931
94,1618462708.0,0.081787109375,9.26430714819412,17671,-0.12993150684931506,0.24562996199999998,5,2021-04-15 04:58:28,0.8122417386663305,2460,47.687823,-122.258931
95,1618462708.25,0.08270263671875,9.267856740963737,17668,-0.12993150684931506,0.6024850589999999,4,2021-04-15 04:58:28.250000,0.8213339969349835,2460,47.687823,-122.258931
96,1618462708.5,0.0836181640625,9.27022351300758,17666,-0.12993150684931506,0.5112617549999999,5,2021-04-15 04:58:28.500000,0.8304262552036364,2460,47.687823,-122.258931
97,1618462708.75,0.08392333984375,9.2725905866277,17664,-0.12993150684931506,0.303205326,4,2021-04-15 04:58:28.750000,0.8334570079598541,2460,47.687823,-122.258931
98,1618462709.0,0.08453369140625,9.27495796189703,17662,-0.12993150684931506,0.210673491,5,2021-04-15 04:58:29,0.8395185134722895,2460,47.687823,-122.258931
99,1618462709.25,0.08453369140625,9.276141762672921,17661,-0.12993150684931506,0.22544119799999998,2,2021-04-15 04:58:29.250000,0.8395185134722895,2460,47.687823,-122.258931
100,1618462709.5,0.084228515625,9.277325638888385,17660,-0.12993150684931506,0.263949396,3,2021-04-15 04:58:29.500000,0.8364877607160718,2460,47.687823,-122.258931
101,1618462709.75,0.0848388671875,9.277325638888385,17660,-0.12993150684931506,0.22581506399999998,3,2021-04-15 04:58:29.750000,0.8425492662285071,2460,47.687823,-122.258931
102,1618462710.0,0.08453369140625,9.27850959055263,17659,-0.12993150684931506,0.349751643,2,2021-04-15 04:58:30,0.8395185134722895,2460,47.687823,-122.258931
103,1618462710.25,0.08453369140625,9.27850959055263,17659,-0.12993150684931506,0.261145401,4,2021-04-15 04:58:30.250000,0.8395185134722895,2460,47.687823,-122.258931
104,1618462710.5,0.08514404296875,9.27850959055263,17659,-0.12993150684931506,0.292924011,4,2021-04-15 04:58:30.500000,0.8455800189847247,2460,47.687823,-122.258931
105,1618462710.75,0.0848388671875,9.27850959055263,17659,-0.12993150684931506,0.271987515,4,2021-04-15 04:58:30.750000,0.8425492662285071,2460,47.687823,-122.258931
106,1618462711.0,0.08514404296875,9.277325638888385,17660,-0.12993150684931506,0.261519267,4,2021-04-15 04:58:31,0.8455800189847247,2460,47.687823,-122.258931
107,1618462711.25,0.08514404296875,9.277325638888385,17660,-0.12993150684931506,0.302644527,2,2021-04-15 04:58:31.250000,0.8455800189847247,2460,47.687823,-122.258931
108,1618462711.5,0.09674072265625,9.276141762672921,17661,-0.12993150684931506,0.221889471,13,2021-04-15 04:58:31.500000,0.9607486237209955,2460,47.687823,-122.258931
109,1618462711.75,0.09796142578125,9.276141762672921,17661,-0.12993150684931506,0.221141739,8,2021-04-15 04:58:31.750000,0.9728716347458661,2460,47.687823,-122.258931
110,1618462712.0,0.09796142578125,9.276141762672921,17661,-0.12993150684931506,0.24806009099999998,9,2021-04-15 04:58:32,0.9728716347458661,2460,47.687823,-122.258931
111,1618462712.25,0.09674072265625,9.276141762672921,17661,-0.12993150684931506,0.258341406,6,2021-04-15 04:58:32.250000,0.9607486237209955,2460,47.687823,-122.258931
112,1618462712.5,0.0946044921875,9.276141762672921,17661,-0.12993150684931506,0.208056429,3,2021-04-15 04:58:32.500000,0.9395333544274719,2460,47.687823,-122.258931
113,1618462712.75,0.09521484375,9.277325638888385,17660,-0.12993150684931506,0.189923928,6,2021-04-15 04:58:32.750000,0.9455948599399072,2460,47.687823,-122.258931
114,1618462713.0,0.09613037109375,9.27850959055263,17659,-0.12993150684931506,0.263014731,4,2021-04-15 04:58:33,0.9546871182085602,2460,47.687823,-122.258931
115,1618462713.25,0.09552001953125,9.279693617674639,17658,-0.12993150684931506,0.273296046,5,2021-04-15 04:58:33.250000,0.9486256126961249,2460,47.687823,-122.258931
116,1618462713.5,0.0958251953125,9.280877720263732,17657,-0.12993150684931506,0.24469529699999998,4,2021-04-15 04:58:33.500000,0.9516563654523426,2460,47.687823,-122.258931
117,1618462713.75,0.0958251953125,9.280877720263732,17657,-0.12993150684931506,0.232731585,5,2021-04-15 04:58:33.750000,0.9516563654523426,2460,47.687823,-122.258931
118,1618462714.0,0.09552001953125,9.282061898328891,17656,-0.12993150684931506,0.303579192,5,2021-04-15 04:58:34,0.9486256126961249,2460,47.687823,-122.258931
119,1618462714.25,0.09521484375,9.283246151879212,17655,-0.12993150684931506,0.302083728,7,2021-04-15 04:58:34.250000,0.9455948599399072,2460,47.687823,-122.258931
120,1618462714.5,0.098876953125,9.284430480923959,17654,-0.12993150684931506,0.25049022,5,2021-04-15 04:58:34.500000,0.981963893014519,2460,47.687823,-122.258931
121,1618462714.75,0.09857177734375,9.285614885472114,17653,-0.12993150684931506,0.31591677,7,2021-04-15 04:58:34.750000,0.9789331402583014,2460,47.687823,-122.258931
122,1618462715.0,0.09796142578125,9.28679936553283,17652,-0.12993150684931506,0.24525609599999998,7,2021-04-15 04:58:35,0.9728716347458661,2460,47.687823,-122.258931
123,1618462715.25,0.0970458984375,9.28679936553283,17652,-0.12993150684931506,0.210486558,6,2021-04-15 04:58:35.250000,0.9637793764772131,2460,47.687823,-122.258931
124,1618462715.5,0.0982666015625,9.287983921115313,17651,-0.12993150684931506,0.217216146,6,2021-04-15 04:58:35.500000,0.9759023875020837,2460,47.687823,-122.258931
125,1618462715.75,0.09857177734375,9.289168552228602,17650,-0.12993150684931506,0.210299625,5,2021-04-15 04:58:35.750000,0.9789331402583014,2460,47.687823,-122.258931
126,1618462716.0,0.09796142578125,9.290353258881964,17649,-0.12993150684931506,0.22787132699999998,5,2021-04-15 04:58:36,0.9728716347458661,2460,47.687823,-122.258931
127,1618462716.25,0.09796142578125,9.292722898845057,17647,-0.12993150684931506,0.22375880099999998,5,2021-04-15 04:58:36.250000,0.9728716347458661,2460,47.687823,-122.258931
128,1618462716.5,0.0982666015625,9.295092841077746,17645,-0.12993150684931506,0.218150811,5,2021-04-15 04:58:36.500000,0.9759023875020837,2460,47.687823,-122.258931
129,1618462716.75,0.09796142578125,9.296277925568006,17644,-0.12993150684931506,0.211795089,5,2021-04-15 04:58:36.750000,0.9728716347458661,2460,47.687823,-122.258931
130,1618462717.0,0.09796142578125,9.298648321342057,17642,-0.12993150684931506,0.217403079,5,2021-04-15 04:58:37,0.9728716347458661,2460,47.687823,-122.258931
131,1618462717.25,0.09857177734375,9.301019019568571,17640,-0.12993150684931506,0.20413083599999998,5,2021-04-15 04:58:37.250000,0.9789331402583014,2460,47.687823,-122.258931
132,1618462717.5,0.09857177734375,9.302204482124239,17639,-0.12993150684931506,0.20618709899999998,5,2021-04-15 04:58:37.500000,0.9789331402583014,2460,47.687823,-122.258931
133,1618462717.75,0.0982666015625,9.304575634166497,17637,-0.12993150684931506,0.235722513,5,2021-04-15 04:58:37.750000,0.9759023875020837,2460,47.687823,-122.258931
134,1618462718.0,0.0982666015625,9.306947088844083,17635,-0.12993150684931506,0.420786183,5,2021-04-15 04:58:38,0.9759023875020837,2460,47.687823,-122.258931
135,1618462718.25,0.09857177734375,9.309318846230326,17633,-0.12993150684931506,0.338909529,6,2021-04-15 04:58:38.250000,0.9789331402583014,2460,47.687823,-122.258931
136,1618462718.5,0.09796142578125,9.310504838462009,17632,-0.12993150684931506,0.22506733199999998,6,2021-04-15 04:58:38.500000,0.9728716347458661,2460,47.687823,-122.258931
137,1618462718.75,0.09796142578125,9.312877050048598,17630,-0.12993150684931506,0.283577361,5,2021-04-15 04:58:38.750000,0.9728716347458661,2460,47.687823,-122.258931
138,1618462719.0,0.09857177734375,9.315249564526937,17628,-0.12993150684931506,0.22450653299999998,5,2021-04-15 04:58:39,0.9789331402583014,2460,47.687823,-122.258931
139,1618462719.25,0.0982666015625,9.316435935373477,17627,-0.12993150684931506,0.196092717,6,2021-04-15 04:58:39.250000,0.9759023875020837,2460,47.687823,-122.258931
140,1618462719.5,0.09857177734375,9.318808904327113,17625,-0.12993150684931506,0.230301456,6,2021-04-15 04:58:39.500000,0.9789331402583014,2460,47.687823,-122.258931
141,1618462719.75,0.098876953125,9.319995502452514,17624,-0.12993150684931506,0.22880599199999999,5,2021-04-15 04:58:39.750000,0.981963893014519,2460,47.687823,-122.258931
142,1618462720.0,0.09857177734375,9.322368926046408,17622,-0.12993150684931506,0.260023803,6,2021-04-15 04:58:40,0.9789331402583014,2460,47.687823,-122.258931
143,1618462720.25,0.09765625,9.324742652825705,17620,-0.12993150684931506,0.258715272,6,2021-04-15 04:58:40.250000,0.9698408819896485,2460,47.687823,-122.258931
144,1618462720.5,0.09796142578125,9.327116682863675,17618,-0.12993150684931506,0.219459342,6,2021-04-15 04:58:40.500000,0.9728716347458661,2460,47.687823,-122.258931
145,1618462720.75,0.09796142578125,9.328303811627734,17617,-0.12993150684931506,0.20543936699999998,5,2021-04-15 04:58:40.750000,0.9728716347458661,2460,47.687823,-122.258931
146,1618462721.0,0.09796142578125,9.330678296691644,17615,-0.12993150684931506,0.243760632,5,2021-04-15 04:58:41,0.9728716347458661,2460,47.687823,-122.258931
147,1618462721.25,0.09857177734375,9.331865653009913,17614,-0.12993150684931506,0.218524677,5,2021-04-15 04:58:41.250000,0.9789331402583014,2460,47.687823,-122.258931
148,1618462721.5,0.09796142578125,9.334240593265065,17612,-0.12993150684931506,0.220394007,5,2021-04-15 04:58:41.500000,0.9728716347458661,2460,47.687823,-122.258931
149,1618462721.75,0.0982666015625,9.335428177220365,17611,-0.12993150684931506,0.20637403199999999,6,2021-04-15 04:58:41.750000,0.9759023875020837,2460,47.687823,-122.258931
150,1618462722.0,0.09857177734375,9.337803572832343,17609,-0.12993150684931506,0.20656096499999999,6,2021-04-15 04:58:42,0.9789331402583014,2460,47.687823,-122.258931
151,1618462722.25,0.09857177734375,9.338991384507324,17608,-0.12993150684931506,0.20469163499999998,5,2021-04-15 04:58:42.250000,0.9789331402583014,2460,47.687823,-122.258931
152,1618462722.5,0.0982666015625,9.341367235641542,17606,-0.12993150684931506,0.197588181,6,2021-04-15 04:58:42.500000,0.9759023875020837,2460,47.687823,-122.258931
153,1618462722.75,0.09796142578125,9.342555275119139,17605,-0.12993150684931506,0.25049022,5,2021-04-15 04:58:42.750000,0.9728716347458661,2460,47.687823,-122.258931
154,1618462723.0,0.09796142578125,9.344931581941353,17603,-0.12993150684931506,0.250677153,6,2021-04-15 04:58:43,0.9728716347458661,2460,47.687823,-122.258931
155,1618462723.25,0.0982666015625,9.346119849304273,17602,-0.12993150684931506,0.234227049,5,2021-04-15 04:58:43.250000,0.9759023875020837,2460,47.687823,-122.258931
156,1618462723.5,0.09796142578125,9.348496611980238,17600,-0.12993150684931506,0.25796754,6,2021-04-15 04:58:43.500000,0.9728716347458661,2460,47.687823,-122.258931
157,1618462723.75,0.09857177734375,9.350873678650544,17598,-0.12993150684931506,0.220767873,5,2021-04-15 04:58:43.750000,0.9789331402583014,2460,47.687823,-122.258931
158,1618462724.0,0.0982666015625,9.35206232600683,17597,-0.12993150684931506,0.233105451,6,2021-04-15 04:58:44,0.9759023875020837,2460,47.687823,-122.258931
159,1618462724.25,0.0982666015625,9.355628724270161,17594,-0.12993150684931506,0.217963878,5,2021-04-15 04:58:44.250000,0.9759023875020837,2460,47.687823,-122.258931
160,1618462724.5,0.0982666015625,9.356817675786886,17593,-0.12993150684931506,0.20207457299999998,5,2021-04-15 04:58:44.500000,0.9759023875020837,2460,47.687823,-122.258931
161,1618462724.75,0.0982666015625,9.359195807019091,17591,-0.12993150684931506,0.24619076099999998,5,2021-04-15 04:58:44.750000,0.9759023875020837,2460,47.687823,-122.258931
162,1618462725.0,0.09857177734375,9.360384986753047,17590,-0.12993150684931506,0.198335913,5,2021-04-15 04:58:45,0.9789331402583014,2460,47.687823,-122.258931
163,1618462725.25,0.09857177734375,9.362763574502821,17588,-0.12993150684931506,0.231609987,5,2021-04-15 04:58:45.250000,0.9789331402583014,2460,47.687823,-122.258931
164,1618462725.5,0.09796142578125,9.363952982537,17587,-0.12993150684931506,0.212168955,5,2021-04-15 04:58:45.500000,0.9728716347458661,2460,47.687823,-122.258931
165,1618462725.75,0.09796142578125,9.366332026970497,17585,-0.12993150684931506,0.470136495,6,2021-04-15 04:58:45.750000,0.9728716347458661,2460,47.687823,-122.258931
166,1618462726.0,0.0982666015625,9.367521663388118,17584,-0.12993150684931506,0.274978443,5,2021-04-15 04:58:46,0.9759023875020837,2460,47.687823,-122.258931
167,1618462726.25,0.09796142578125,9.369901164671546,17582,-0.12993150684931506,0.212542821,5,2021-04-15 04:58:46.250000,0.9728716347458661,2460,47.687823,-122.258931
168,1618462726.5,0.09857177734375,9.372280970613986,17580,-0.12993150684931506,0.212542821,6,2021-04-15 04:58:46.500000,0.9789331402583014,2460,47.687823,-122.258931
169,1618462726.75,0.09857177734375,9.373470987855455,17579,-0.12993150684931506,0.212729754,5,2021-04-15 04:58:46.750000,0.9789331402583014,2460,47.687823,-122.258931
170,1618462727.0,0.0982666015625,9.374661081289503,17578,-0.12993150684931506,0.20188764,5,2021-04-15 04:58:47,0.9759023875020837,2460,47.687823,-122.258931
171,1618462727.25,0.09857177734375,9.377041496771994,17576,-0.12993150684931506,0.220394007,6,2021-04-15 04:58:47.250000,0.9789331402583014,2460,47.687823,-122.258931
172,1618462727.5,0.09796142578125,9.378231818839026,17575,-0.12993150684931506,0.199831377,6,2021-04-15 04:58:47.500000,0.9728716347458661,2460,47.687823,-122.258931
173,1618462727.75,0.09796142578125,9.379422217135584,17574,-0.12993150684931506,0.18169887599999998,5,2021-04-15 04:58:47.750000,0.9728716347458661,2460,47.687823,-122.258931
174,1618462728.0,0.09796142578125,9.38061269167082,17573,-0.12993150684931506,0.18487673699999999,5,2021-04-15 04:58:48,0.9728716347458661,2460,47.687823,-122.258931
175,1618462728.25,0.0982666015625,9.382993869494783,17571,-0.12993150684931506,0.275913108,5,2021-04-15 04:58:48.250000,0.9759023875020837,2460,47.687823,-122.258931
176,1618462728.5,0.0982666015625,9.384184572801871,17570,-0.12993150684931506,0.22581506399999998,4,2021-04-15 04:58:48.500000,0.9759023875020837,2460,47.687823,-122.258931
177,1618462728.75,0.09796142578125,9.385375352384813,17569,-0.12993150684931506,0.235161714,5,2021-04-15 04:58:48.750000,0.9728716347458661,2460,47.687823,-122.258931
178,1618462729.0,0.09857177734375,9.385375352384813,17569,-0.12993150684931506,0.218150811,6,2021-04-15 04:58:49,0.9789331402583014,2460,47.687823,-122.258931
179,1618462729.25,0.09796142578125,9.38656620825293,17568,-0.12993150684931506,0.258715272,6,2021-04-15 04:58:49.250000,0.9728716347458661,2460,47.687823,-122.258931
180,1618462729.5,0.09857177734375,9.387757140415317,17567,-0.12993150684931506,0.24731235899999998,6,2021-04-15 04:58:49.500000,0.9789331402583014,2460,47.687823,-122.258931
181,1618462729.75,0.09857177734375,9.387757140415317,17567,-0.12993150684931506,0.270492051,6,2021-04-15 04:58:49.750000,0.9789331402583014,2460,47.687823,-122.258931
182,1618462730.0,0.0982666015625,9.387757140415317,17567,-0.12993150684931506,0.250116354,6,2021-04-15 04:58:50,0.9759023875020837,2460,47.687823,-122.258931
183,1618462730.25,0.0982666015625,9.387757140415317,17567,-0.12993150684931506,0.215907615,6,2021-04-15 04:58:50.250000,0.9759023875020837,2460,47.687823,-122.258931
184,1618462730.5,0.0982666015625,9.387757140415317,17567,-0.12993150684931506,0.199644444,5,2021-04-15 04:58:50.500000,0.9759023875020837,2460,47.687823,-122.258931
185,1618462730.75,0.09796142578125,9.387757140415317,17567,-0.12993150684931506,0.167865834,5,2021-04-15 04:58:50.750000,0.9728716347458661,2460,47.687823,-122.258931
186,1618462731.0,0.09796142578125,9.387757140415317,17567,-0.12993150684931506,0.22245027,6,2021-04-15 04:58:51,0.9728716347458661,2460,47.687823,-122.258931
187,1618462731.25,0.09796142578125,9.38656620825293,17568,-0.12993150684931506,0.210860424,6,2021-04-15 04:58:51.250000,0.9728716347458661,2460,47.687823,-122.258931
188,1618462731.5,0.0994873046875,9.38656620825293,17568,-0.12993150684931506,0.237591843,6,2021-04-15 04:58:51.500000,0.9880253985269544,2460,47.687823,-122.258931
189,1618462731.75,0.0982666015625,9.385375352384813,17569,-0.12993150684931506,0.214225218,5,2021-04-15 04:58:51.750000,0.9759023875020837,2460,47.687823,-122.258931
190,1618462732.0,0.0982666015625,9.384184572801871,17570,-0.12993150684931506,0.22245027,5,2021-04-15 04:58:52,0.9759023875020837,2460,47.687823,-122.258931
191,1618462732.25,0.09796142578125,9.381803242454225,17572,-0.12993150684931506,0.230862255,5,2021-04-15 04:58:52.250000,0.9728716347458661,2460,47.687823,-122.258931
192,1618462732.5,0.09857177734375,9.38061269167082,17573,-0.12993150684931506,0.317038368,5,2021-04-15 04:58:52.500000,0.9789331402583014,2460,47.687823,-122.258931
193,1618462732.75,0.09796142578125,9.379422217135584,17574,-0.12993150684931506,0.24843395699999998,5,2021-04-15 04:58:52.750000,0.9728716347458661,2460,47.687823,-122.258931
194,1618462733.0,0.09765625,9.377041496771994,17576,-0.12993150684931506,0.230675322,5,2021-04-15 04:58:53,0.9698408819896485,2460,47.687823,-122.258931
195,1618462733.25,0.09796142578125,9.375851250925223,17577,-0.12993150684931506,0.22525426499999998,6,2021-04-15 04:58:53.250000,0.9728716347458661,2460,47.687823,-122.258931
196,1618462733.5,0.0982666015625,9.373470987855455,17579,-0.12993150684931506,0.22469346599999998,6,2021-04-15 04:58:53.500000,0.9759023875020837,2460,47.687823,-122.258931
197,1618462733.75,0.0982666015625,9.371091029555828,17581,-0.12993150684931506,0.241330503,6,2021-04-15 04:58:53.750000,0.9759023875020837,2460,47.687823,-122.258931
198,1618462734.0,0.09796142578125,9.369901164671546,17582,-0.12993150684931506,0.215907615,5,2021-04-15 04:58:54,0.9728716347458661,2460,47.687823,-122.258931
199,1618462734.25,0.09857177734375,9.367521663388118,17584,-0.12993150684931506,0.196092717,5,2021-04-15 04:58:54.250000,0.9789331402583014,2460,47.687823,-122.258931
200,1618462734.5,0.0982666015625,9.366332026970497,17585,-0.12993150684931506,0.186933,5,2021-04-15 04:58:54.500000,0.9759023875020837,2460,47.687823,-122.258931
201,1618462734.75,0.0982666015625,9.363952982537,17587,-0.12993150684931506,0.19441032,5,2021-04-15 04:58:54.750000,0.9759023875020837,2460,47.687823,-122.258931
202,1618462735.0,0.0982666015625,9.362763574502821,17588,-0.12993150684931506,0.217403079,6,2021-04-15 04:58:55,0.9759023875020837,2460,47.687823,-122.258931
203,1618462735.25,0.0982666015625,9.36157424257783,17589,-0.12993150684931506,0.23179692,5,2021-04-15 04:58:55.250000,0.9759023875020837,2460,47.687823,-122.258931
204,1618462735.5,0.09796142578125,9.360384986753047,17590,-0.12993150684931506,0.254789679,5,2021-04-15 04:58:55.500000,0.9728716347458661,2460,47.687823,-122.258931
205,1618462735.75,0.09796142578125,9.359195807019091,17591,-0.12993150684931506,0.272361381,5,2021-04-15 04:58:55.750000,0.9728716347458661,2460,47.687823,-122.258931
206,1618462736.0,0.09857177734375,9.358006703366812,17592,-0.12993150684931506,0.34208739,5,2021-04-15 04:58:56,0.9789331402583014,2460,47.687823,-122.258931
207,1618462736.25,0.09857177734375,9.356817675786886,17593,-0.12993150684931506,0.242825967,5,2021-04-15 04:58:56.250000,0.9789331402583014,2460,47.687823,-122.258931
208,1618462736.5,0.0982666015625,9.355628724270161,17594,-0.12993150684931506,0.254041947,5,2021-04-15 04:58:56.500000,0.9759023875020837,2460,47.687823,-122.258931
209,1618462736.75,0.09796142578125,9.353251049389371,17596,-0.12993150684931506,0.230488389,5,2021-04-15 04:58:56.750000,0.9728716347458661,2460,47.687823,-122.258931
210,1618462737.0,0.09765625,9.35206232600683,17597,-0.12993150684931506,0.28208189699999997,5,2021-04-15 04:58:57,0.9698408819896485,2460,47.687823,-122.258931
211,1618462737.25,0.09796142578125,9.350873678650544,17598,-0.12993150684931506,0.238339575,6,2021-04-15 04:58:57.250000,0.9728716347458661,2460,47.687823,-122.258931
212,1618462737.5,0.09796142578125,9.349685107311416,17599,-0.12993150684931506,0.237591843,6,2021-04-15 04:58:57.500000,0.9728716347458661,2460,47.687823,-122.258931
213,1618462737.75,0.09857177734375,9.348496611980238,17600,-0.12993150684931506,0.264136329,6,2021-04-15 04:58:57.750000,0.9789331402583014,2460,47.687823,-122.258931
214,1618462738.0,0.0982666015625,9.346119849304273,17602,-0.12993150684931506,0.296288805,6,2021-04-15 04:58:58,0.9759023875020837,2460,47.687823,-122.258931
215,1618462738.25,0.09796142578125,9.344931581941353,17603,-0.12993150684931506,0.24806009099999998,5,2021-04-15 04:58:58.250000,0.9728716347458661,2460,47.687823,-122.258931
216,1618462738.5,0.09857177734375,9.34374339054932,17604,-0.12993150684931506,0.22581506399999998,5,2021-04-15 04:58:58.500000,0.9789331402583014,2460,47.687823,-122.258931
217,1618462738.75,0.09796142578125,9.342555275119139,17605,-0.12993150684931506,0.218150811,5,2021-04-15 04:58:58.750000,0.9728716347458661,2460,47.687823,-122.258931
218,1618462739.0,0.09857177734375,9.34017927210732,17607,-0.12993150684931506,0.239648106,5,2021-04-15 04:58:59,0.9789331402583014,2460,47.687823,-122.258931
219,1618462739.25,0.09857177734375,9.338991384507324,17608,-0.12993150684931506,0.262453932,5,2021-04-15 04:58:59.250000,0.9789331402583014,2460,47.687823,-122.258931
220,1618462739.5,0.09796142578125,9.337803572832343,17609,-0.12993150684931506,0.235909446,5,2021-04-15 04:58:59.500000,0.9728716347458661,2460,47.687823,-122.258931
221,1618462739.75,0.09796142578125,9.336615837072998,17610,-0.12993150684931506,0.243199833,5,2021-04-15 04:58:59.750000,0.9728716347458661,2460,47.687823,-122.258931
222,1618462740.0,0.0982666015625,9.334240593265065,17612,-0.12993150684931506,0.286381356,5,2021-04-15 04:59:00,0.9759023875020837,2460,47.687823,-122.258931
223,1618462740.25,0.0982666015625,9.333053085198003,17613,-0.12993150684931506,0.28787682,5,2021-04-15 04:59:00.250000,0.9759023875020837,2460,47.687823,-122.258931
224,1618462740.5,0.0982666015625,9.331865653009913,17614,-0.12993150684931506,0.20637403199999999,5,2021-04-15 04:59:00.500000,0.9759023875020837,2460,47.687823,-122.258931
225,1618462740.75,0.0982666015625,9.32949101623393,17616,-0.12993150684931506,0.201700707,5,2021-04-15 04:59:00.750000,0.9759023875020837,2460,47.687823,-122.258931
226,1618462741.0,0.09796142578125,9.328303811627734,17617,-0.12993150684931506,0.217776945,6,2021-04-15 04:59:01,0.9728716347458661,2460,47.687823,-122.258931
227,1618462741.25,0.09857177734375,9.325929629932773,17619,-0.12993150684931506,0.194223387,6,2021-04-15 04:59:01.250000,0.9789331402583014,2460,47.687823,-122.258931
228,1618462741.5,0.0982666015625,9.324742652825705,17620,-0.12993150684931506,0.201700707,6,2021-04-15 04:59:01.500000,0.9759023875020837,2460,47.687823,-122.258931
229,1618462741.75,0.0982666015625,9.322368926046408,17622,-0.12993150684931506,0.264323262,5,2021-04-15 04:59:01.750000,0.9759023875020837,2460,47.687823,-122.258931
230,1618462742.0,0.09857177734375,9.319995502452514,17624,-0.12993150684931506,0.230862255,5,2021-04-15 04:59:02,0.9789331402583014,2460,47.687823,-122.258931
231,1618462742.25,0.09796142578125,9.318808904327113,17625,-0.12993150684931506,0.210486558,5,2021-04-15 04:59:02.250000,0.9728716347458661,2460,47.687823,-122.258931
232,1618462742.5,0.09796142578125,9.316435935373477,17627,-0.12993150684931506,0.20450470199999998,5,2021-04-15 04:59:02.500000,0.9728716347458661,2460,47.687823,-122.258931
233,1618462742.75,0.09796142578125,9.314063269421695,17629,-0.12993150684931506,0.207869496,5,2021-04-15 04:59:02.750000,0.9728716347458661,2460,47.687823,-122.258931
234,1618462743.0,0.09857177734375,9.311690906398383,17631,-0.12993150684931506,0.208243362,6,2021-04-15 04:59:03,0.9789331402583014,2460,47.687823,-122.258931
235,1618462743.25,0.09857177734375,9.309318846230326,17633,-0.12993150684931506,0.219085476,5,2021-04-15 04:59:03.250000,0.9789331402583014,2460,47.687823,-122.258931
236,1618462743.5,0.09796142578125,9.306947088844083,17635,-0.12993150684931506,0.254789679,5,2021-04-15 04:59:03.500000,0.9728716347458661,2460,47.687823,-122.258931
237,1618462743.75,0.09796142578125,9.304575634166497,17637,-0.12993150684931506,0.20487856799999998,5,2021-04-15 04:59:03.750000,0.9728716347458661,2460,47.687823,-122.258931
238,1618462744.0,0.09796142578125,9.302204482124239,17639,-0.12993150684931506,0.20637403199999999,6,2021-04-15 04:59:04,0.9728716347458661,2460,47.687823,-122.258931
239,1618462744.25,0.098876953125,9.299833632644152,17641,-0.12993150684931506,0.21684228,5,2021-04-15 04:59:04.250000,0.981963893014519,2460,47.687823,-122.258931
240,1618462744.5,0.09857177734375,9.297463085653021,17643,-0.12993150684931506,0.399101955,6,2021-04-15 04:59:04.500000,0.9789331402583014,2460,47.687823,-122.258931
241,1618462744.75,0.09857177734375,9.295092841077746,17645,-0.12993150684931506,0.28208189699999997,5,2021-04-15 04:59:04.750000,0.9789331402583014,2460,47.687823,-122.258931
242,1618462745.0,0.0982666015625,9.293907832173147,17646,-0.12993150684931506,0.287316021,5,2021-04-15 04:59:05,0.9759023875020837,2460,47.687823,-122.258931
243,1618462745.25,0.0982666015625,9.29153804108438,17648,-0.12993150684931506,0.255724344,5,2021-04-15 04:59:05.250000,0.9759023875020837,2460,47.687823,-122.258931
244,1618462745.5,0.0982666015625,9.289168552228602,17650,-0.12993150684931506,0.212916687,5,2021-04-15 04:59:05.500000,0.9759023875020837,2460,47.687823,-122.258931
245,1618462745.75,0.09857177734375,9.28679936553283,17652,-0.12993150684931506,0.258715272,6,2021-04-15 04:59:05.750000,0.9789331402583014,2460,47.687823,-122.258931
246,1618462746.0,0.09857177734375,9.285614885472114,17653,-0.12993150684931506,0.231236121,6,2021-04-15 04:59:06,0.9789331402583014,2460,47.687823,-122.258931
247,1618462746.25,0.09765625,9.283246151879212,17655,-0.12993150684931506,0.216655347,5,2021-04-15 04:59:06.250000,0.9698408819896485,2460,47.687823,-122.258931
248,1618462746.5,0.09796142578125,9.280877720263732,17657,-0.12993150684931506,0.232731585,6,2021-04-15 04:59:06.500000,0.9728716347458661,2460,47.687823,-122.258931
249,1618462746.75,0.09796142578125,9.279693617674639,17658,-0.12993150684931506,0.199083645,5,2021-04-15 04:59:06.750000,0.9728716347458661,2460,47.687823,-122.258931
250,1618462747.0,0.0982666015625,9.277325638888385,17660,-0.12993150684931506,0.222824136,5,2021-04-15 04:59:07,0.9759023875020837,2460,47.687823,-122.258931
251,1618462747.25,0.09857177734375,9.276141762672921,17661,-0.12993150684931506,0.23553558,5,2021-04-15 04:59:07.250000,0.9789331402583014,2460,47.687823,-122.258931
252,1618462747.5,0.09796142578125,9.273774236551674,17663,-0.12993150684931506,0.262827798,5,2021-04-15 04:59:07.500000,0.9728716347458661,2460,47.687823,-122.258931
253,1618462747.75,0.0982666015625,9.2725905866277,17664,-0.12993150684931506,0.240208905,5,2021-04-15 04:59:07.750000,0.9759023875020837,2460,47.687823,-122.258931
254,1618462748.0,0.09857177734375,9.27022351300758,17666,-0.12993150684931506,0.240582771,6,2021-04-15 04:59:08,0.9789331402583014,2460,47.687823,-122.258931
255,1618462748.25,0.0982666015625,9.269040089293185,17667,-0.12993150684931506,0.208617228,5,2021-04-15 04:59:08.250000,0.9759023875020837,2460,47.687823,-122.258931
256,1618462748.5,0.0982666015625,9.267856740963737,17668,-0.12993150684931506,0.191419392,5,2021-04-15 04:59:08.500000,0.9759023875020837,2460,47.687823,-122.258931
257,1618462748.75,0.098876953125,9.266673468010197,17669,-0.12993150684931506,0.196840449,5,2021-04-15 04:59:08.750000,0.981963893014519,2460,47.687823,-122.258931
258,1618462749.0,0.09796142578125,9.2654902704233,17670,-0.12993150684931506,0.22469346599999998,5,2021-04-15 04:59:09,0.9728716347458661,2460,47.687823,-122.258931
259,1618462749.25,0.0982666015625,9.2654902704233,17670,-0.12993150684931506,0.255724344,6,2021-04-15 04:59:09.250000,0.9759023875020837,2460,47.687823,-122.258931
260,1618462749.5,0.09796142578125,9.26430714819412,17671,-0.12993150684931506,0.272174448,6,2021-04-15 04:59:09.500000,0.9728716347458661,2460,47.687823,-122.258931
261,1618462749.75,0.0982666015625,9.263124101313508,17672,-0.12993150684931506,0.250864086,6,2021-04-15 04:59:09.750000,0.9759023875020837,2460,47.687823,-122.258931
262,1618462750.0,0.0982666015625,9.263124101313508,17672,-0.12993150684931506,0.234600915,6,2021-04-15 04:59:10,0.9759023875020837,2460,47.687823,-122.258931
263,1618462750.25,0.098876953125,9.261941129772424,17673,-0.12993150684931506,0.22506733199999998,5,2021-04-15 04:59:10.250000,0.981963893014519,2460,47.687823,-122.258931
264,1618462750.5,0.09857177734375,9.261941129772424,17673,-0.12993150684931506,0.215346816,5,2021-04-15 04:59:10.500000,0.9789331402583014,2460,47.687823,-122.258931
265,1618462750.75,0.09765625,9.260758233561603,17674,-0.12993150684931506,0.18880233,5,2021-04-15 04:59:10.750000,0.9698408819896485,2460,47.687823,-122.258931
266,1618462751.0,0.09765625,9.260758233561603,17674,-0.12993150684931506,0.188615397,5,2021-04-15 04:59:11,0.9698408819896485,2460,47.687823,-122.258931
267,1618462751.25,0.09857177734375,9.259575412672064,17675,-0.12993150684931506,0.214225218,5,2021-04-15 04:59:11.250000,0.9789331402583014,2460,47.687823,-122.258931
268,1618462751.5,0.0982666015625,9.259575412672064,17675,-0.12993150684931506,0.24974248799999998,6,2021-04-15 04:59:11.500000,0.9759023875020837,2460,47.687823,-122.258931
269,1618462751.75,0.09857177734375,9.259575412672064,17675,-0.12993150684931506,0.298718934,6,2021-04-15 04:59:11.750000,0.9789331402583014,2460,47.687823,-122.258931
270,1618462752.0,0.09765625,9.25839266709471,17676,-0.12993150684931506,0.243947565,5,2021-04-15 04:59:12,0.9698408819896485,2460,47.687823,-122.258931
271,1618462752.25,0.09796142578125,9.25839266709471,17676,-0.12993150684931506,0.356481231,5,2021-04-15 04:59:12.250000,0.9728716347458661,2460,47.687823,-122.258931
272,1618462752.5,0.09796142578125,9.25839266709471,17676,-0.12993150684931506,0.47107116,5,2021-04-15 04:59:12.500000,0.9728716347458661,2460,47.687823,-122.258931
273,1618462752.75,0.0982666015625,9.25839266709471,17676,-0.12993150684931506,0.307691718,5,2021-04-15 04:59:12.750000,0.9759023875020837,2460,47.687823,-122.258931
274,1618462753.0,0.0982666015625,9.25720999682045,17677,-0.12993150684931506,0.291054681,5,2021-04-15 04:59:13,0.9759023875020837,2460,47.687823,-122.258931
275,1618462753.25,0.09796142578125,9.25720999682045,17677,-0.12993150684931506,0.27479151,6,2021-04-15 04:59:13.250000,0.9728716347458661,2460,47.687823,-122.258931
276,1618462753.5,0.09857177734375,9.25720999682045,17677,-0.12993150684931506,0.24824702399999998,6,2021-04-15 04:59:13.500000,0.9789331402583014,2460,47.687823,-122.258931
277,1618462753.75,0.09857177734375,9.25720999682045,17677,-0.12993150684931506,0.22749746099999998,6,2021-04-15 04:59:13.750000,0.9789331402583014,2460,47.687823,-122.258931
278,1618462754.0,0.098876953125,9.25720999682045,17677,-0.12993150684931506,0.197214315,5,2021-04-15 04:59:14,0.981963893014519,2460,47.687823,-122.258931
279,1618462754.25,0.09857177734375,9.25720999682045,17677,-0.12993150684931506,0.20525243399999998,5,2021-04-15 04:59:14.250000,0.9789331402583014,2460,47.687823,-122.258931
280,1618462754.5,0.0982666015625,9.25720999682045,17677,-0.12993150684931506,0.263949396,5,2021-04-15 04:59:14.500000,0.9759023875020837,2460,47.687823,-122.258931
281,1618462754.75,0.0982666015625,9.25720999682045,17677,-0.12993150684931506,0.22562813099999998,5,2021-04-15 04:59:14.750000,0.9759023875020837,2460,47.687823,-122.258931
282,1618462755.0,0.09796142578125,9.25839266709471,17676,-0.12993150684931506,0.20244843899999998,6,2021-04-15 04:59:15,0.9728716347458661,2460,47.687823,-122.258931
283,1618462755.25,0.09857177734375,9.25839266709471,17676,-0.12993150684931506,0.28170803099999997,5,2021-04-15 04:59:15.250000,0.9789331402583014,2460,47.687823,-122.258931
284,1618462755.5,0.09857177734375,9.25839266709471,17676,-0.12993150684931506,0.24469529699999998,6,2021-04-15 04:59:15.500000,0.9789331402583014,2460,47.687823,-122.258931
285,1618462755.75,0.09857177734375,9.259575412672064,17675,-0.12993150684931506,0.24600382799999998,5,2021-04-15 04:59:15.750000,0.9789331402583014,2460,47.687823,-122.258931
286,1618462756.0,0.09796142578125,9.259575412672064,17675,-0.12993150684931506,0.22768439399999998,5,2021-04-15 04:59:16,0.9728716347458661,2460,47.687823,-122.258931
287,1618462756.25,0.09796142578125,9.260758233561603,17674,-0.12993150684931506,0.220020141,5,2021-04-15 04:59:16.250000,0.9728716347458661,2460,47.687823,-122.258931
288,1618462756.5,0.09796142578125,9.261941129772424,17673,-0.12993150684931506,0.260023803,5,2021-04-15 04:59:16.500000,0.9728716347458661,2460,47.687823,-122.258931
289,1618462756.75,0.0982666015625,9.261941129772424,17673,-0.12993150684931506,0.32451568799999997,6,2021-04-15 04:59:16.750000,0.9759023875020837,2460,47.687823,-122.258931
290,1618462757.0,0.09857177734375,9.263124101313508,17672,-0.12993150684931506,0.340965792,6,2021-04-15 04:59:17,0.9789331402583014,2460,47.687823,-122.258931
291,1618462757.25,0.09796142578125,9.26430714819412,17671,-0.12993150684931506,0.270492051,5,2021-04-15 04:59:17.250000,0.9728716347458661,2460,47.687823,-122.258931
292,1618462757.5,0.09857177734375,9.2654902704233,17670,-0.12993150684931506,0.233105451,6,2021-04-15 04:59:17.500000,0.9789331402583014,2460,47.687823,-122.258931
293,1618462757.75,0.0982666015625,9.266673468010197,17669,-0.12993150684931506,0.20543936699999998,5,2021-04-15 04:59:17.750000,0.9759023875020837,2460,47.687823,-122.258931
294,1618462758.0,0.09857177734375,9.267856740963737,17668,-0.12993150684931506,0.51032709,5,2021-04-15 04:59:18,0.9789331402583014,2460,47.687823,-122.258931
295,1618462758.25,0.0982666015625,9.269040089293185,17667,-0.12993150684931506,0.328628214,5,2021-04-15 04:59:18.250000,0.9759023875020837,2460,47.687823,-122.258931
296,1618462758.5,0.09857177734375,9.269040089293185,17667,-0.12993150684931506,0.383586516,5,2021-04-15 04:59:18.500000,0.9789331402583014,2460,47.687823,-122.258931
297,1618462758.75,0.0982666015625,9.27022351300758,17666,-0.12993150684931506,0.298718934,6,2021-04-15 04:59:18.750000,0.9759023875020837,2460,47.687823,-122.258931
298,1618462759.0,0.09796142578125,9.271407012116015,17665,-0.12993150684931506,0.329189013,5,2021-04-15 04:59:19,0.9728716347458661,2460,47.687823,-122.258931
299,1618462759.25,0.0982666015625,9.271407012116015,17665,-0.12993150684931506,0.31030878,5,2021-04-15 04:59:19.250000,0.9759023875020837,2460,47.687823,-122.258931
300,1618462759.5,0.0982666015625,9.2725905866277,17664,-0.12993150684931506,0.260958468,5,2021-04-15 04:59:19.500000,0.9759023875020837,2460,47.687823,-122.258931
301,1618462759.75,0.0982666015625,9.2725905866277,17664,-0.12993150684931506,0.294419475,6,2021-04-15 04:59:19.750000,0.9759023875020837,2460,47.687823,-122.258931
302,1618462760.0,0.0982666015625,9.2725905866277,17664,-0.12993150684931506,0.331245276,5,2021-04-15 04:59:20,0.9759023875020837,2460,47.687823,-122.258931
303,1618462760.25,0.09857177734375,9.2725905866277,17664,-0.12993150684931506,0.22058094,5,2021-04-15 04:59:20.250000,0.9789331402583014,2460,47.687823,-122.258931
304,1618462760.5,0.0982666015625,9.2725905866277,17664,-0.12993150684931506,0.213290553,6,2021-04-15 04:59:20.500000,0.9759023875020837,2460,47.687823,-122.258931
305,1618462760.75,0.09857177734375,9.2725905866277,17664,-0.12993150684931506,0.36881880899999997,5,2021-04-15 04:59:20.750000,0.9789331402583014,2460,47.687823,-122.258931
306,1618462761.0,0.0982666015625,9.271407012116015,17665,-0.12993150684931506,0.435180024,5,2021-04-15 04:59:21,0.9759023875020837,2460,47.687823,-122.258931
307,1618462761.25,0.09796142578125,9.271407012116015,17665,-0.12993150684931506,0.32526341999999997,6,2021-04-15 04:59:21.250000,0.9728716347458661,2460,47.687823,-122.258931
308,1618462761.5,0.0982666015625,9.27022351300758,17666,-0.12993150684931506,0.22805825999999998,5,2021-04-15 04:59:21.500000,0.9759023875020837,2460,47.687823,-122.258931
309,1618462761.75,0.0982666015625,9.27022351300758,17666,-0.12993150684931506,0.259649937,5,2021-04-15 04:59:21.750000,0.9759023875020837,2460,47.687823,-122.258931
310,1618462762.0,0.09796142578125,9.269040089293185,17667,-0.12993150684931506,0.222076404,5,2021-04-15 04:59:22,0.9728716347458661,2460,47.687823,-122.258931
311,1618462762.25,0.09796142578125,9.269040089293185,17667,-0.12993150684931506,0.217776945,5,2021-04-15 04:59:22.250000,0.9728716347458661,2460,47.687823,-122.258931
312,1618462762.5,0.09857177734375,9.267856740963737,17668,-0.12993150684931506,0.209551893,6,2021-04-15 04:59:22.500000,0.9789331402583014,2460,47.687823,-122.258931
313,1618462762.75,0.09857177734375,9.267856740963737,17668,-0.12993150684931506,0.209551893,6,2021-04-15 04:59:22.750000,0.9789331402583014,2460,47.687823,-122.258931
314,1618462763.0,0.09796142578125,9.267856740963737,17668,-0.12993150684931506,0.238900374,5,2021-04-15 04:59:23,0.9728716347458661,2460,47.687823,-122.258931
315,1618462763.25,0.0970458984375,9.266673468010197,17669,-0.12993150684931506,0.372183603,5,2021-04-15 04:59:23.250000,0.9637793764772131,2460,47.687823,-122.258931
316,1618462763.5,0.09796142578125,9.266673468010197,17669,-0.12993150684931506,0.260397669,4,2021-04-15 04:59:23.500000,0.9728716347458661,2460,47.687823,-122.258931
317,1618462763.75,0.09735107421875,9.2654902704233,17670,-0.12993150684931506,0.234974781,6,2021-04-15 04:59:23.750000,0.9668101292334308,2460,47.687823,-122.258931
318,1618462764.0,0.09796142578125,9.2654902704233,17670,-0.12993150684931506,0.219272409,6,2021-04-15 04:59:24,0.9728716347458661,2460,47.687823,-122.258931
319,1618462764.25,0.09796142578125,9.2654902704233,17670,-0.12993150684931506,0.330123678,6,2021-04-15 04:59:24.250000,0.9728716347458661,2460,47.687823,-122.258931
320,1618462764.5,0.0970458984375,9.2654902704233,17670,-0.12993150684931506,0.232918518,6,2021-04-15 04:59:24.500000,0.9637793764772131,2460,47.687823,-122.258931
321,1618462764.75,0.09735107421875,9.2654902704233,17670,-0.12993150684931506,0.210486558,6,2021-04-15 04:59:24.750000,0.9668101292334308,2460,47.687823,-122.258931
322,1618462765.0,0.09796142578125,9.2654902704233,17670,-0.12993150684931506,0.310869579,5,2021-04-15 04:59:25,0.9728716347458661,2460,47.687823,-122.258931
323,1618462765.25,0.0970458984375,9.2654902704233,17670,-0.12993150684931506,0.244134498,5,2021-04-15 04:59:25.250000,0.9637793764772131,2460,47.687823,-122.258931
324,1618462765.5,0.09735107421875,9.2654902704233,17670,-0.12993150684931506,0.27946483499999997,5,2021-04-15 04:59:25.500000,0.9668101292334308,2460,47.687823,-122.258931
325,1618462765.75,0.09796142578125,9.2654902704233,17670,-0.12993150684931506,0.263201664,5,2021-04-15 04:59:25.750000,0.9728716347458661,2460,47.687823,-122.258931
326,1618462766.0,0.09735107421875,9.2654902704233,17670,-0.12993150684931506,0.24992942099999998,5,2021-04-15 04:59:26,0.9668101292334308,2460,47.687823,-122.258931
327,1618462766.25,0.0970458984375,9.2654902704233,17670,-0.12993150684931506,0.231983853,5,2021-04-15 04:59:26.250000,0.9637793764772131,2460,47.687823,-122.258931
328,1618462766.5,0.09796142578125,9.2654902704233,17670,-0.12993150684931506,0.308626383,5,2021-04-15 04:59:26.500000,0.9728716347458661,2460,47.687823,-122.258931
329,1618462766.75,0.0970458984375,9.2654902704233,17670,-0.12993150684931506,0.217216146,5,2021-04-15 04:59:26.750000,0.9637793764772131,2460,47.687823,-122.258931
330,1618462767.0,0.09796142578125,9.2654902704233,17670,-0.12993150684931506,0.230114523,5,2021-04-15 04:59:27,0.9728716347458661,2460,47.687823,-122.258931
331,1618462767.25,0.09765625,9.2654902704233,17670,-0.12993150684931506,0.27853016999999997,5,2021-04-15 04:59:27.250000,0.9698408819896485,2460,47.687823,-122.258931
332,1618462767.5,0.09735107421875,9.2654902704233,17670,-0.12993150684931506,0.240208905,5,2021-04-15 04:59:27.500000,0.9668101292334308,2460,47.687823,-122.258931
333,1618462767.75,0.09674072265625,9.2654902704233,17670,-0.12993150684931506,0.20543936699999998,5,2021-04-15 04:59:27.750000,0.9607486237209955,2460,47.687823,-122.258931
334,1618462768.0,0.0970458984375,9.2654902704233,17670,-0.12993150684931506,0.252733416,6,2021-04-15 04:59:28,0.9637793764772131,2460,47.687823,-122.258931
335,1618462768.25,0.09765625,9.2654902704233,17670,-0.12993150684931506,0.211608156,5,2021-04-15 04:59:28.250000,0.9698408819896485,2460,47.687823,-122.258931
336,1618462768.5,0.09796142578125,9.2654902704233,17670,-0.12993150684931506,0.222076404,5,2021-04-15 04:59:28.500000,0.9728716347458661,2460,47.687823,-122.258931
337,1618462768.75,0.09796142578125,9.2654902704233,17670,-0.12993150684931506,0.232170786,5,2021-04-15 04:59:28.750000,0.9728716347458661,2460,47.687823,-122.258931
338,1618462769.0,0.09735107421875,9.26430714819412,17671,-0.12993150684931506,0.21310362,5,2021-04-15 04:59:29,0.9668101292334308,2460,47.687823,-122.258931
339,1618462769.25,0.09735107421875,9.2654902704233,17670,-0.12993150684931506,0.222076404,5,2021-04-15 04:59:29.250000,0.9668101292334308,2460,47.687823,-122.258931
340,1618462769.5,0.09765625,9.2654902704233,17670,-0.12993150684931506,0.240395838,5,2021-04-15 04:59:29.500000,0.9698408819896485,2460,47.687823,-122.258931
341,1618462769.75,0.09735107421875,9.2654902704233,17670,-0.12993150684931506,0.274978443,5,2021-04-15 04:59:29.750000,0.9668101292334308,2460,47.687823,-122.258931
342,1618462770.0,0.09735107421875,9.2654902704233,17670,-0.12993150684931506,0.201513774,5,2021-04-15 04:59:30,0.9668101292334308,2460,47.687823,-122.258931
343,1618462770.25,0.09735107421875,9.2654902704233,17670,-0.12993150684931506,0.18412900499999998,5,2021-04-15 04:59:30.250000,0.9668101292334308,2460,47.687823,-122.258931
344,1618462770.5,0.09765625,9.2654902704233,17670,-0.12993150684931506,0.273296046,5,2021-04-15 04:59:30.500000,0.9698408819896485,2460,47.687823,-122.258931
345,1618462770.75,0.0982666015625,9.2654902704233,17670,-0.12993150684931506,0.230862255,6,2021-04-15 04:59:30.750000,0.9759023875020837,2460,47.687823,-122.258931
346,1618462771.0,0.09765625,9.2654902704233,17670,-0.12993150684931506,0.304326924,6,2021-04-15 04:59:31,0.9698408819896485,2460,47.687823,-122.258931
347,1618462771.25,0.0970458984375,9.266673468010197,17669,-0.12993150684931506,0.256845942,5,2021-04-15 04:59:31.250000,0.9637793764772131,2460,47.687823,-122.258931
348,1618462771.5,0.09765625,9.266673468010197,17669,-0.12993150684931506,0.20394390299999998,5,2021-04-15 04:59:31.500000,0.9698408819896485,2460,47.687823,-122.258931
349,1618462771.75,0.09735107421875,9.266673468010197,17669,-0.12993150684931506,0.296662671,6,2021-04-15 04:59:31.750000,0.9668101292334308,2460,47.687823,-122.258931
350,1618462772.0,0.09735107421875,9.266673468010197,17669,-0.12993150684931506,0.296849604,6,2021-04-15 04:59:32,0.9668101292334308,2460,47.687823,-122.258931
351,1618462772.25,0.0970458984375,9.266673468010197,17669,-0.12993150684931506,0.354238035,6,2021-04-15 04:59:32.250000,0.9637793764772131,2460,47.687823,-122.258931
352,1618462772.5,0.09796142578125,9.266673468010197,17669,-0.12993150684931506,0.238526508,5,2021-04-15 04:59:32.500000,0.9728716347458661,2460,47.687823,-122.258931
353,1618462772.75,0.09735107421875,9.266673468010197,17669,-0.12993150684931506,0.232544652,6,2021-04-15 04:59:32.750000,0.9668101292334308,2460,47.687823,-122.258931
354,1618462773.0,0.09735107421875,9.266673468010197,17669,-0.12993150684931506,0.243947565,5,2021-04-15 04:59:33,0.9668101292334308,2460,47.687823,-122.258931
355,1618462773.25,0.09735107421875,9.267856740963737,17668,-0.12993150684931506,0.22899292499999999,5,2021-04-15 04:59:33.250000,0.9668101292334308,2460,47.687823,-122.258931
356,1618462773.5,0.09796142578125,9.267856740963737,17668,-0.12993150684931506,0.213290553,5,2021-04-15 04:59:33.500000,0.9728716347458661,2460,47.687823,-122.258931
357,1618462773.75,0.09765625,9.267856740963737,17668,-0.12993150684931506,0.200952975,5,2021-04-15 04:59:33.750000,0.9698408819896485,2460,47.687823,-122.258931
358,1618462774.0,0.09765625,9.267856740963737,17668,-0.12993150684931506,0.20674789799999999,5,2021-04-15 04:59:34,0.9698408819896485,2460,47.687823,-122.258931
359,1618462774.25,0.09735107421875,9.267856740963737,17668,-0.12993150684931506,0.348256179,5,2021-04-15 04:59:34.250000,0.9668101292334308,2460,47.687823,-122.258931
360,1618462774.5,0.0970458984375,9.267856740963737,17668,-0.12993150684931506,0.40657927499999996,5,2021-04-15 04:59:34.500000,0.9637793764772131,2460,47.687823,-122.258931
361,1618462774.75,0.0970458984375,9.267856740963737,17668,-0.12993150684931506,0.313860507,6,2021-04-15 04:59:34.750000,0.9637793764772131,2460,47.687823,-122.258931
362,1618462775.0,0.09735107421875,9.267856740963737,17668,-0.12993150684931506,0.623421555,5,2021-04-15 04:59:35,0.9668101292334308,2460,47.687823,-122.258931
